{
    "total_runtime": 160.89594197273254,
    "num_documents": 1,
    "input_load_time": 0,
    "workflows": {
        "create_base_text_units": {
            "overall": 11.007348537445068,
            "0_create_base_text_units": 11.005345344543457
        },
        "create_final_documents": {
            "overall": 0.015760183334350586,
            "0_create_final_documents": 0.012760162353515625
        },
        "extract_graph": {
            "overall": 74.97148180007935,
            "0_extract_graph": 74.96765351295471
        },
        "compute_communities": {
            "overall": 18.629307746887207,
            "0_compute_communities": 18.6253080368042
        },
        "create_final_entities": {
            "overall": 0.008748531341552734,
            "0_create_final_entities": 0.004690408706665039
        },
        "create_final_relationships": {
            "overall": 0.015790700912475586,
            "0_create_final_relationships": 0.011183738708496094
        },
        "create_final_communities": {
            "overall": 0.05779910087585449,
            "0_create_final_communities": 0.05061507225036621
        },
        "create_final_nodes": {
            "overall": 0.04550814628601074,
            "0_create_final_nodes": 0.03860068321228027
        },
        "create_final_text_units": {
            "overall": 0.03323984146118164,
            "0_create_final_text_units": 0.02632880210876465
        },
        "create_final_community_reports": {
            "overall": 50.42657256126404,
            "0_create_final_community_reports": 50.421852111816406
        },
        "generate_text_embeddings": {
            "overall": 3.5107922554016113,
            "0_generate_text_embeddings": 3.501730442047119
        }
    }
}